{"Index": "GSPTSE", "Date": "1984-02-14", "Open": 2375.600098, "High": 2385.800049, "Low": 2372.5, "Close": 2385.800049, "Adj Close": 2379.741699, "Volume": 0.0, "CloseUSD": 1980.21404067}